{
  "block_ciphers": {
    "present_80": {
      "ns_per_block": 15923,
      "cpb": 1990.375,
      "mbps": 0.5024178860767443
    },
    "present_128": {
      "ns_per_block": 15899,
      "cpb": 1987.375,
      "mbps": 0.5031763003962514
    },
    "speck64_96": {
      "ns_per_block": 234,
      "cpb": 29.25,
      "mbps": 34.18803418803419
    },
    "speck64_128": {
      "ns_per_block": 235,
      "cpb": 29.375,
      "mbps": 34.04255319148936
    },
    "ascon_128": {
      "ns_per_block": 1452,
      "cpb": 90.75,
      "mbps": 11.019283746556473
    }
  },
  "modes": {
    "present_ecb": {
      "ns_per_block": 127731,
      "cpb": 1995.796875,
      "mbps": 0.5010529941830879
    },
    "present_cbc": {
      "ns_per_block": 127304,
      "cpb": 1989.125,
      "mbps": 0.5027336140262678
    },
    "speck_ecb": {
      "ns_per_block": 2302,
      "cpb": 35.96875,
      "mbps": 27.80191138140747
    },
    "speck_cbc": {
      "ns_per_block": 2600,
      "cpb": 40.625,
      "mbps": 24.615384615384617
    },
    "speck_ctr": {
      "ns_per_block": 2760,
      "cpb": 43.125,
      "mbps": 23.18840579710145
    }
  },
  "ascon_phases": {
    "init": 425,
    "absorb": 213,
    "encrypt": 475,
    "finalize": 432
  },
  "scaling": {
    "present_80": [
      [
        "8",
        15899
      ],
      [
        "16",
        31946
      ],
      [
        "32",
        63587
      ],
      [
        "64",
        127264
      ],
      [
        "128",
        254977
      ],
      [
        "256",
        509750
      ]
    ],
    "present_128": [
      [
        "8",
        15956
      ],
      [
        "16",
        32007
      ],
      [
        "32",
        63829
      ],
      [
        "64",
        127547
      ],
      [
        "128",
        255154
      ],
      [
        "256",
        510485
      ]
    ],
    "speck64_128": [
      [
        "8",
        306
      ],
      [
        "16",
        605
      ],
      [
        "32",
        1173
      ],
      [
        "64",
        2340
      ],
      [
        "128",
        4631
      ],
      [
        "256",
        9939
      ]
    ],
    "ascon_128": [
      [
        "8",
        1240
      ],
      [
        "16",
        1470
      ],
      [
        "32",
        1888
      ],
      [
        "64",
        2738
      ],
      [
        "128",
        4353
      ],
      [
        "256",
        8037
      ]
    ]
  },
  "memory": {
    "total": {
      "heap_allocations": 20,
      "heap_bytes_allocated": 5093,
      "heap_deallocations": 19,
      "stack_estimate_bytes": 0,
      "static_memory_bytes": 0
    },
    "per_cipher": [
      {
        "name": "PRESENT-80",
        "heap_allocs": 0,
        "heap_bytes": 0,
        "stack_bytes": 264
      },
      {
        "name": "PRESENT-128",
        "heap_allocs": 0,
        "heap_bytes": 0,
        "stack_bytes": 264
      },
      {
        "name": "SPECK64/96",
        "heap_allocs": 0,
        "heap_bytes": 0,
        "stack_bytes": 160
      },
      {
        "name": "SPECK64/128",
        "heap_allocs": 0,
        "heap_bytes": 0,
        "stack_bytes": 160
      },
      {
        "name": "ASCON-128",
        "heap_allocs": 0,
        "heap_bytes": 0,
        "stack_bytes": 128
      }
    ],
    "section_sizes": {
      "text": 0,
      "data": 0,
      "bss": 0,
      "total": 0
    }
  }
}