{
  "block_ciphers": {
    "present_80": {
      "ns_per_block": 23665,
      "cpb": 2958.125,
      "mbps": 0.3380519754912318
    },
    "present_128": {
      "ns_per_block": 24542,
      "cpb": 3067.75,
      "mbps": 0.3259718034390025
    },
    "speck64_96": {
      "ns_per_block": 336,
      "cpb": 42.0,
      "mbps": 23.80952380952381
    },
    "speck64_128": {
      "ns_per_block": 338,
      "cpb": 42.25,
      "mbps": 23.668639053254438
    },
    "ascon_128": {
      "ns_per_block": 2117,
      "cpb": 132.3125,
      "mbps": 7.557864903164856
    }
  },
  "modes": {
    "present_ecb": {
      "ns_per_block": 189237,
      "cpb": 2956.828125,
      "mbps": 0.3382002462520543
    },
    "present_cbc": {
      "ns_per_block": 190391,
      "cpb": 2974.859375,
      "mbps": 0.33615034324101456
    },
    "speck_ecb": {
      "ns_per_block": 3196,
      "cpb": 49.9375,
      "mbps": 20.02503128911139
    },
    "speck_cbc": {
      "ns_per_block": 3809,
      "cpb": 59.515625,
      "mbps": 16.80231031766868
    },
    "speck_ctr": {
      "ns_per_block": 3797,
      "cpb": 59.328125,
      "mbps": 16.85541216750066
    }
  },
  "ascon_phases": {
    "init": 591,
    "absorb": 294,
    "encrypt": 673,
    "finalize": 596
  },
  "scaling": {
    "present_80": [
      [
        "8",
        23731
      ],
      [
        "16",
        47502
      ],
      [
        "32",
        94392
      ],
      [
        "64",
        190474
      ],
      [
        "128",
        389378
      ],
      [
        "256",
        745631
      ]
    ],
    "present_128": [
      [
        "8",
        25765
      ],
      [
        "16",
        47459
      ],
      [
        "32",
        95084
      ],
      [
        "64",
        185393
      ],
      [
        "128",
        375027
      ],
      [
        "256",
        743965
      ]
    ],
    "speck64_128": [
      [
        "8",
        477
      ],
      [
        "16",
        991
      ],
      [
        "32",
        1677
      ],
      [
        "64",
        3204
      ],
      [
        "128",
        6384
      ],
      [
        "256",
        13845
      ]
    ],
    "ascon_128": [
      [
        "8",
        1876
      ],
      [
        "16",
        2145
      ],
      [
        "32",
        2720
      ],
      [
        "64",
        4090
      ],
      [
        "128",
        6262
      ],
      [
        "256",
        11070
      ]
    ]
  }
}